,terms,pReverse,signifcant<0.05,probReverse,Bayes
0,['Neurosynth_TFIDF__alzheimer'],[0.779767739629762],[False],[0.4643761744279845],[0.8669819232407323]
1,['Neurosynth_TFIDF__alzheimer disease'],[0.6128223407982671],[False],[0.4396840059488859],[0.7847072198848857]
2,['Neurosynth_TFIDF__mild cognitive'],[0.5122825994596235],[False],[0.5756664866737844],[1.3566368636813946]
3,['Neurosynth_TFIDF__mci'],[0.8520707677153739],[False],[0.4498555834507292],[0.8177045334248888]
4,['Neurosynth_TFIDF__cognitive impairment'],[0.9514469215994638],[False],[0.5089816048093884],[1.0365835777126098]
