,terms,pReverse,signifcant<0.05,probReverse,Bayes
0,['Neurosynth_TFIDF__alzheimer'],[0.0039197213068695],[True],[0.3937664770658615],[0.6495293680891356]
1,['Neurosynth_TFIDF__alzheimer disease'],[0.0056568761404968],[True],[0.397443408359574],[0.6595951548344312]
2,['Neurosynth_TFIDF__mild cognitive'],[0.0345346575498385],[True],[0.3862569610398917],[0.6293463819880447]
3,['Neurosynth_TFIDF__mci'],[0.0122032321873763],[True],[0.3047922123350197],[0.43841886949905495]
4,['Neurosynth_TFIDF__cognitive impairment'],[0.0040911260781434],[True],[0.3849071261391365],[0.6257707453560974]
