,terms,pReverse,signifcant<0.05,probReverse,Bayes
0,['Neurosynth_TFIDF__alzheimer'],[0.735300219770147],[False],[0.6744291691572026],[2.07152823676287]
1,['Neurosynth_TFIDF__alzheimer disease'],[0.735300219770147],[False],[0.6777967282423311],[2.103630805934541]
2,['Neurosynth_TFIDF__mild cognitive'],[0.735300219770147],[False],[0.6599573323439384],[1.9408074195308236]
3,['Neurosynth_TFIDF__mci'],[0.735300219770147],[False],[0.7723489352502432],[3.392687559354225]
4,['Neurosynth_TFIDF__cognitive impairment'],[0.9291228576876585],[False],[0.5395947028966149],[1.1719993368700268]
