,terms,pReverse,signifcant<0.05,probReverse,Bayes
0,['Neurosynth_TFIDF__alzheimer'],[0.7756533189515946],[False],[0.4751878491930478],[0.9054436877316923]
1,['Neurosynth_TFIDF__alzheimer disease'],[0.7621410800085097],[False],[0.4735689521934474],[0.8995840085166664]
2,['Neurosynth_TFIDF__mild cognitive'],[0.8551225560490001],[False],[0.4772131556566694],[0.9128254867547289]
3,['Neurosynth_TFIDF__mci'],[0.9469340835711392],[False],[0.4882198595129417],[0.9539640577852544]
4,['Neurosynth_TFIDF__cognitive impairment'],[0.8563482008937956],[False],[0.5162637001515309],[1.0672420083281966]
