,terms,pReverse,signifcant<0.05,probReverse,Bayes
0,['Neurosynth_TFIDF__alzheimer'],[0.1044834723080551],[False],[0.5932198637243081],[1.4583304611566832]
1,['Neurosynth_TFIDF__alzheimer disease'],[0.1282786067581416],[False],[0.5899437869999223],[1.4386900339437378]
2,['Neurosynth_TFIDF__mild cognitive'],[0.9148725632709712],[False],[0.5158654120035423],[1.0655413283698638]
3,['Neurosynth_TFIDF__mci'],[0.7767086758858124],[False],[0.5439872092580608],[1.1929209449870604]
4,['Neurosynth_TFIDF__cognitive impairment'],[0.9756873168907356],[False],[0.5042815409007934],[1.0172740829888545]
