,terms,pReverse,signifcant<0.05,probReverse,Bayes
0,['Neurosynth_TFIDF__alzheimer'],[0.5812608758764252],[False],[0.3403080724240435],[0.5158590823970036]
1,['Neurosynth_TFIDF__alzheimer disease'],[0.4692131113544048],[False],[0.2949135358581873],[0.41826577427938244]
2,['Neurosynth_TFIDF__mild cognitive'],[0.9008358074227264],[False],[0.4403766256876049],[0.7869160687376439]
3,['Neurosynth_TFIDF__mci'],[0.8890991915616946],[False],[0.4065723024397183],[0.6851252547045427]
4,['Neurosynth_TFIDF__cognitive impairment'],[0.9773429372179984],[False],[0.4892387543252595],[0.9578619334733417]
