,terms,pReverse,signifcant<0.05,probReverse,Bayes
0,['Neurosynth_TFIDF__alzheimer'],[0.9366509779150384],[False],[0.4678211626777955],[0.8790675800483888]
1,['Neurosynth_TFIDF__alzheimer disease'],[0.9556255273220706],[False],[0.4716516072953612],[0.892690531111405]
2,['Neurosynth_TFIDF__mild cognitive'],[0.982839714801533],[False],[0.5151131221719457],[1.0623366927958193]
3,['Neurosynth_TFIDF__mci'],[0.9408278310009346],[False],[0.441690106017989],[0.7911199689973978]
4,['Neurosynth_TFIDF__cognitive impairment'],[0.992428723843617],[False],[0.5035240108650257],[1.014196097866347]
